code,link,title,level
6.00SC,https://ocw.mit.edu//courses/electrical-engineering-and-computer-science/6-00sc-introduction-to-computer-science-and-programming-spring-2011,"Introduction to Computer Science and Programming
                                   (Spring 2011)",Undergraduate
6.00,https://ocw.mit.edu//courses/electrical-engineering-and-computer-science/6-00-introduction-to-computer-science-and-programming-fall-2008,"Introduction to Computer Science and Programming
                                   (Fall 2008)",Undergraduate
6.0001,https://ocw.mit.edu//courses/electrical-engineering-and-computer-science/6-0001-introduction-to-computer-science-and-programming-in-python-fall-2016,"Introduction to Computer Science and Programming in Python
                                   (Fall 2016)",Undergraduate
6.0002,https://ocw.mit.edu//courses/electrical-engineering-and-computer-science/6-0002-introduction-to-computational-thinking-and-data-science-fall-2016,"Introduction to Computational Thinking and Data Science
                                   (Fall 2016)",Undergraduate
6.01SC,https://ocw.mit.edu//courses/electrical-engineering-and-computer-science/6-01sc-introduction-to-electrical-engineering-and-computer-science-i-spring-2011,"Introduction to Electrical Engineering and Computer Science I
                                   (Spring 2011)",Undergraduate
6.001,https://ocw.mit.edu//courses/electrical-engineering-and-computer-science/6-001-structure-and-interpretation-of-computer-programs-spring-2005,"Structure and Interpretation of Computer Programs
                                   (Spring 2005)",Undergraduate
6.002,https://ocw.mit.edu//courses/electrical-engineering-and-computer-science/6-002-circuits-and-electronics-spring-2007,"Circuits and Electronics
                                   (Spring 2007)",Undergraduate
6.003,https://ocw.mit.edu//courses/electrical-engineering-and-computer-science/6-003-signals-and-systems-fall-2011,"Signals and Systems
                                   (Fall 2011)",Undergraduate
6.004,https://ocw.mit.edu//courses/electrical-engineering-and-computer-science/6-004-computation-structures-spring-2017,"Computation Structures
                                   (Spring 2017)",Undergraduate
6.004,https://ocw.mit.edu//courses/electrical-engineering-and-computer-science/6-004-computation-structures-spring-2009,"Computation Structures
                                   (Spring 2009)",Undergraduate
6.005,https://ocw.mit.edu//courses/electrical-engineering-and-computer-science/6-005-software-construction-spring-2016,"Software Construction
                                   (Spring 2016)",Undergraduate
6.005,https://ocw.mit.edu//courses/electrical-engineering-and-computer-science/6-005-elements-of-software-construction-fall-2008,"Elements of Software Construction
                                   (Fall 2008)",Undergraduate
6.006,https://ocw.mit.edu//courses/electrical-engineering-and-computer-science/6-006-introduction-to-algorithms-spring-2020,"Introduction to Algorithms
                                   (Spring 2020)",Undergraduate
6.006,https://ocw.mit.edu//courses/electrical-engineering-and-computer-science/6-006-introduction-to-algorithms-fall-2011,"Introduction to Algorithms
                                   (Fall 2011)",Undergraduate
6.006,https://ocw.mit.edu//courses/electrical-engineering-and-computer-science/6-006-introduction-to-algorithms-spring-2008,"Introduction to Algorithms
                                   (Spring 2008)",Undergraduate
6.007,https://ocw.mit.edu//courses/electrical-engineering-and-computer-science/6-007-electromagnetic-energy-from-motors-to-lasers-spring-2011,"Electromagnetic Energy: From Motors to Lasers
                                   (Spring 2011)",Undergraduate
6.011,https://ocw.mit.edu//courses/electrical-engineering-and-computer-science/6-011-signals-systems-and-inference-spring-2018,"Signals, Systems and Inference
                                   (Spring 2018)",Undergraduate
6.011,https://ocw.mit.edu//courses/electrical-engineering-and-computer-science/6-011-introduction-to-communication-control-and-signal-processing-spring-2010,"Introduction to Communication, Control, and Signal Processing
                                   (Spring 2010)",Undergraduate
6.012,https://ocw.mit.edu//courses/electrical-engineering-and-computer-science/6-012-microelectronic-devices-and-circuits-fall-2009,"Microelectronic Devices and Circuits
                                   (Fall 2009)",Undergraduate
6.012,https://ocw.mit.edu//courses/electrical-engineering-and-computer-science/6-012-microelectronic-devices-and-circuits-spring-2009,"Microelectronic Devices and Circuits
                                   (Spring 2009)",Undergraduate
6.012,https://ocw.mit.edu//courses/electrical-engineering-and-computer-science/6-012-microelectronic-devices-and-circuits-fall-2005,"Microelectronic Devices and Circuits
                                   (Fall 2005)",Undergraduate
6.013,https://ocw.mit.edu//courses/electrical-engineering-and-computer-science/6-013-electromagnetics-and-applications-spring-2009,"Electromagnetics and Applications
                                   (Spring 2009)",Undergraduate
6.013,https://ocw.mit.edu//courses/electrical-engineering-and-computer-science/6-013-electromagnetics-and-applications-fall-2005,"Electromagnetics and Applications
                                   (Fall 2005)",Undergraduate
6.02,https://ocw.mit.edu//courses/electrical-engineering-and-computer-science/6-02-introduction-to-eecs-ii-digital-communication-systems-fall-2012,"Introduction to EECS II: Digital Communication Systems
                                   (Fall 2012)",Undergraduate
6.021J,https://ocw.mit.edu//courses/electrical-engineering-and-computer-science/6-021j-quantitative-physiology-cells-and-tissues-fall-2004,"Quantitative Physiology: Cells and Tissues
                                   (Fall 2004)",Undergraduate
6.022J,https://ocw.mit.edu//courses/health-sciences-and-technology/hst-542j-quantitative-physiology-organ-transport-systems-spring-2004,"Quantitative Physiology: Organ Transport Systems
                                   (Spring 2004)",Undergraduate
6.023J,https://ocw.mit.edu//courses/biological-engineering/20-330j-fields-forces-and-flows-in-biological-systems-spring-2007,"Fields, Forces and Flows in Biological Systems
                                   (Spring 2007)",Undergraduate
6.024J,https://ocw.mit.edu//courses/biological-engineering/20-310j-molecular-cellular-and-tissue-biomechanics-spring-2015,"Molecular, Cellular, and Tissue Biomechanics
                                   (Spring 2015)",Undergraduate
6.025J,https://ocw.mit.edu//courses/biological-engineering/20-010j-introduction-to-bioengineering-be-010j-spring-2006,"Introduction to Bioengineering (BE.010J)
                                   (Spring 2006)",Undergraduate
6.033,https://ocw.mit.edu//courses/electrical-engineering-and-computer-science/6-033-computer-system-engineering-spring-2018,"Computer System Engineering
                                   (Spring 2018)",Undergraduate
6.034,https://ocw.mit.edu//courses/electrical-engineering-and-computer-science/6-034-artificial-intelligence-fall-2010,"Artificial Intelligence
                                   (Fall 2010)",Undergraduate
6.034,https://ocw.mit.edu//courses/electrical-engineering-and-computer-science/6-034-artificial-intelligence-spring-2005,"Artificial Intelligence
                                   (Spring 2005)",Undergraduate
6.035,https://ocw.mit.edu//courses/electrical-engineering-and-computer-science/6-035-computer-language-engineering-spring-2010,"Computer Language Engineering
                                   (Spring 2010)",Undergraduate
6.035,https://ocw.mit.edu//courses/electrical-engineering-and-computer-science/6-035-computer-language-engineering-sma-5502-fall-2005,"Computer Language Engineering (SMA 5502)
                                   (Fall 2005)",Undergraduate
6.036,https://ocw.mit.edu//courses/electrical-engineering-and-computer-science/6-036-introduction-to-machine-learning-fall-2020,"Introduction to Machine Learning
                                   (Fall 2020)",Undergraduate
6.041,https://ocw.mit.edu//courses/electrical-engineering-and-computer-science/6-041-probabilistic-systems-analysis-and-applied-probability-fall-2010,"Probabilistic Systems Analysis and Applied Probability
                                   (Fall 2010)",Undergraduate
6.041,https://ocw.mit.edu//courses/electrical-engineering-and-computer-science/6-041-probabilistic-systems-analysis-and-applied-probability-spring-2006,"Probabilistic Systems Analysis and Applied  Probability
                                   (Spring 2006)",Undergraduate
6.041SC,https://ocw.mit.edu//courses/electrical-engineering-and-computer-science/6-041sc-probabilistic-systems-analysis-and-applied-probability-fall-2013,"Probabilistic Systems Analysis and Applied Probability
                                   (Fall 2013)",Undergraduate
6.042J,https://ocw.mit.edu//courses/electrical-engineering-and-computer-science/6-042j-mathematics-for-computer-science-spring-2015,"Mathematics for Computer Science
                                   (Spring 2015)",Undergraduate
6.042J,https://ocw.mit.edu//courses/electrical-engineering-and-computer-science/6-042j-mathematics-for-computer-science-fall-2010,"Mathematics for Computer Science
                                   (Fall 2010)",Undergraduate
6.042J,https://ocw.mit.edu//courses/electrical-engineering-and-computer-science/6-042j-mathematics-for-computer-science-fall-2005,"Mathematics for Computer Science
                                   (Fall 2005)",Undergraduate
6.045J,https://ocw.mit.edu//courses/electrical-engineering-and-computer-science/6-045j-automata-computability-and-complexity-spring-2011,"Automata, Computability, and Complexity
                                   (Spring 2011)",Undergraduate
6.046J,https://ocw.mit.edu//courses/electrical-engineering-and-computer-science/6-046j-design-and-analysis-of-algorithms-spring-2015,"Design and Analysis of Algorithms
                                   (Spring 2015)",Undergraduate
6.046J,https://ocw.mit.edu//courses/electrical-engineering-and-computer-science/6-046j-design-and-analysis-of-algorithms-spring-2012,"Design and Analysis of Algorithms
                                   (Spring 2012)",Undergraduate
6.046J,https://ocw.mit.edu//courses/electrical-engineering-and-computer-science/6-046j-introduction-to-algorithms-sma-5503-fall-2005,"Introduction to Algorithms (SMA 5503)
                                   (Fall 2005)",Undergraduate
6.047,https://ocw.mit.edu//courses/electrical-engineering-and-computer-science/6-047-computational-biology-fall-2015,"Computational Biology
                                   (Fall 2015)",Undergraduate
6.050J,https://ocw.mit.edu//courses/electrical-engineering-and-computer-science/6-050j-information-and-entropy-spring-2008,"Information and Entropy
                                   (Spring 2008)",Undergraduate
6.055J,https://ocw.mit.edu//courses/electrical-engineering-and-computer-science/6-055j-the-art-of-approximation-in-science-and-engineering-spring-2008,"The Art of Approximation in Science and Engineering
                                   (Spring 2008)",Undergraduate
6.057,https://ocw.mit.edu//courses/electrical-engineering-and-computer-science/6-057-introduction-to-matlab-january-iap-2019,"Introduction to MATLAB
                                   (January IAP 2019)",Undergraduate
6.061,https://ocw.mit.edu//courses/electrical-engineering-and-computer-science/6-061-introduction-to-electric-power-systems-spring-2011,"Introduction to Electric Power Systems
                                   (Spring 2011)",Undergraduate
6.07J,https://ocw.mit.edu//courses/health-sciences-and-technology/hst-410j-projects-in-microscale-engineering-for-the-life-sciences-spring-2007,"Projects in Microscale Engineering for the Life Sciences
                                   (Spring 2007)",Undergraduate
6.071J,https://ocw.mit.edu//courses/electrical-engineering-and-computer-science/6-071j-introduction-to-electronics-signals-and-measurement-spring-2006,"Introduction to Electronics, Signals, and Measurement
                                   (Spring 2006)",Undergraduate
6.073,https://ocw.mit.edu//courses/comparative-media-studies-writing/cms-611j-creating-video-games-fall-2014,"Creating Video Games
                                   (Fall 2014)",Undergraduate
6.079,https://ocw.mit.edu//courses/electrical-engineering-and-computer-science/6-079-introduction-to-convex-optimization-fall-2009,"Introduction to Convex Optimization
                                   (Fall 2009)",Undergraduate
6.080,https://ocw.mit.edu//courses/electrical-engineering-and-computer-science/6-080-great-ideas-in-theoretical-computer-science-spring-2008,"Great Ideas in Theoretical Computer Science
                                   (Spring 2008)",Undergraduate
6.087,https://ocw.mit.edu//courses/electrical-engineering-and-computer-science/6-087-practical-programming-in-c-january-iap-2010,"Practical Programming in C
                                   (January IAP 2010)",Undergraduate
6.088,https://ocw.mit.edu//courses/electrical-engineering-and-computer-science/6-088-introduction-to-c-memory-management-and-c-object-oriented-programming-january-iap-2010,"Introduction to C Memory Management and C++ Object-Oriented Programming
                                   (January IAP 2010)",Undergraduate
6.089,https://ocw.mit.edu//courses/electrical-engineering-and-computer-science/6-080-great-ideas-in-theoretical-computer-science-spring-2008,"Great Ideas in Theoretical Computer Science
                                   (Spring 2008)",Undergraduate
6.090,https://ocw.mit.edu//courses/electrical-engineering-and-computer-science/6-090-building-programming-experience-a-lead-in-to-6-001-january-iap-2005,"Building Programming Experience: A Lead-In to 6.001
                                   (January IAP 2005)",Undergraduate
6.091,https://ocw.mit.edu//courses/electrical-engineering-and-computer-science/6-091-hands-on-introduction-to-electrical-engineering-lab-skills-january-iap-2008,"Hands-On Introduction to Electrical Engineering Lab Skills
                                   (January IAP 2008)",Undergraduate
6.092,https://ocw.mit.edu//courses/electrical-engineering-and-computer-science/6-092-introduction-to-programming-in-java-january-iap-2010,"Introduction to Programming in Java
                                   (January IAP 2010)",Undergraduate
6.092,https://ocw.mit.edu//courses/electrical-engineering-and-computer-science/6-092-java-preparation-for-6-170-january-iap-2006,"Java Preparation for 6.170
                                   (January IAP 2006)",Undergraduate
6.092,https://ocw.mit.edu//courses/electrical-engineering-and-computer-science/6-092-bioinformatics-and-proteomics-january-iap-2005,"Bioinformatics and Proteomics
                                   (January IAP 2005)",Undergraduate
6.096,https://ocw.mit.edu//courses/electrical-engineering-and-computer-science/6-096-introduction-to-c-january-iap-2011,"Introduction to C++
                                   (January IAP 2011)",Undergraduate
6.096,https://ocw.mit.edu//courses/electrical-engineering-and-computer-science/6-096-algorithms-for-computational-biology-spring-2005,"Algorithms for Computational Biology
                                   (Spring 2005)",Undergraduate
6.097,https://ocw.mit.edu//courses/electrical-engineering-and-computer-science/6-974-fundamentals-of-photonics-quantum-electronics-spring-2006,"Fundamentals of Photonics: Quantum Electronics
                                   (Spring 2006)",Undergraduate
6.099,https://ocw.mit.edu//courses/mathematics/18-098-street-fighting-mathematics-january-iap-2008,"Street-Fighting Mathematics
                                   (January IAP 2008)",Undergraduate
6.101,https://ocw.mit.edu//courses/electrical-engineering-and-computer-science/6-101-introductory-analog-electronics-laboratory-spring-2007,"Introductory Analog Electronics Laboratory
                                   (Spring 2007)",Undergraduate
6.111,https://ocw.mit.edu//courses/electrical-engineering-and-computer-science/6-111-introductory-digital-systems-laboratory-spring-2006,"Introductory Digital Systems Laboratory
                                   (Spring 2006)",Undergraduate
6.111,https://ocw.mit.edu//courses/electrical-engineering-and-computer-science/6-111-introductory-digital-systems-laboratory-fall-2002,"Introductory Digital Systems Laboratory
                                   (Fall 2002)",Undergraduate
6.152J,https://ocw.mit.edu//courses/electrical-engineering-and-computer-science/6-152j-micro-nano-processing-technology-fall-2005,"Micro/Nano Processing Technology
                                   (Fall 2005)",Undergraduate
6.161,https://ocw.mit.edu//courses/electrical-engineering-and-computer-science/6-161-modern-optics-project-laboratory-fall-2005,"Modern Optics Project Laboratory
                                   (Fall 2005)",Undergraduate
6.163,https://ocw.mit.edu//courses/electrical-engineering-and-computer-science/6-163-strobe-project-laboratory-fall-2005,"Strobe Project Laboratory
                                   (Fall 2005)",Undergraduate
6.170,https://ocw.mit.edu//courses/electrical-engineering-and-computer-science/6-170-software-studio-spring-2013,"Software Studio
                                   (Spring 2013)",Undergraduate
6.170,https://ocw.mit.edu//courses/electrical-engineering-and-computer-science/6-170-laboratory-in-software-engineering-fall-2005,"Laboratory in Software Engineering
                                   (Fall 2005)",Undergraduate
6.171,https://ocw.mit.edu//courses/electrical-engineering-and-computer-science/6-171-software-engineering-for-web-applications-fall-2003,"Software Engineering for Web Applications
                                   (Fall 2003)",Undergraduate
6.172,https://ocw.mit.edu//courses/electrical-engineering-and-computer-science/6-172-performance-engineering-of-software-systems-fall-2018,"Performance Engineering of Software Systems
                                   (Fall 2018)",Undergraduate
6.186,https://ocw.mit.edu//courses/electrical-engineering-and-computer-science/6-186-mobile-autonomous-systems-laboratory-january-iap-2005,"Mobile Autonomous Systems Laboratory
                                   (January IAP 2005)",Undergraduate
6.189,https://ocw.mit.edu//courses/electrical-engineering-and-computer-science/6-189-a-gentle-introduction-to-programming-using-python-january-iap-2011,"A Gentle Introduction to Programming Using Python
                                   (January IAP 2011)",Undergraduate
6.189,https://ocw.mit.edu//courses/electrical-engineering-and-computer-science/6-189-a-gentle-introduction-to-programming-using-python-january-iap-2008,"A Gentle Introduction to Programming Using Python
                                   (January IAP 2008)",Undergraduate
6.189,https://ocw.mit.edu//courses/electrical-engineering-and-computer-science/6-189-multicore-programming-primer-january-iap-2007,"Multicore Programming Primer
                                   (January IAP 2007)",Undergraduate
6.207J,https://ocw.mit.edu//courses/economics/14-15j-networks-spring-2018,"Networks
                                   (Spring 2018)",Undergraduate
6.270,https://ocw.mit.edu//courses/electrical-engineering-and-computer-science/6-270-autonomous-robot-design-competition-january-iap-2005,"Autonomous Robot Design Competition
                                   (January IAP 2005)",Undergraduate
6.338J,https://ocw.mit.edu//courses/mathematics/18-337j-parallel-computing-fall-2011,"Parallel Computing
                                   (Fall 2011)",Undergraduate
6.370,https://ocw.mit.edu//courses/electrical-engineering-and-computer-science/6-370-the-battlecode-programming-competition-january-iap-2013,"The Battlecode Programming Competition
                                   (January IAP 2013)",Undergraduate
6.370,https://ocw.mit.edu//courses/electrical-engineering-and-computer-science/6-370-robocraft-programming-competition-january-iap-2005,"Robocraft Programming Competition
                                   (January IAP 2005)",Undergraduate
6.521J,https://ocw.mit.edu//courses/electrical-engineering-and-computer-science/6-021j-quantitative-physiology-cells-and-tissues-fall-2004,"Quantitative Physiology: Cells and Tissues
                                   (Fall 2004)",Undergraduate
6.637,https://ocw.mit.edu//courses/electrical-engineering-and-computer-science/6-161-modern-optics-project-laboratory-fall-2005,"Modern Optics Project Laboratory
                                   (Fall 2005)",Undergraduate
6.701,https://ocw.mit.edu//courses/electrical-engineering-and-computer-science/6-701-introduction-to-nanoelectronics-spring-2010,"Introduction to Nanoelectronics
                                   (Spring 2010)",Undergraduate
6.801,https://ocw.mit.edu//courses/electrical-engineering-and-computer-science/6-801-machine-vision-fall-2020,"Machine Vision
                                   (Fall 2020)",Undergraduate
6.801,https://ocw.mit.edu//courses/electrical-engineering-and-computer-science/6-801-machine-vision-fall-2004,"Machine Vision
                                   (Fall 2004)",Undergraduate
6.802J,https://ocw.mit.edu//courses/biology/7-91j-foundations-of-computational-and-systems-biology-spring-2014,"Foundations of Computational and Systems Biology
                                   (Spring 2014)",Undergraduate
6.803,https://ocw.mit.edu//courses/electrical-engineering-and-computer-science/6-803-the-human-intelligence-enterprise-spring-2019,"The Human Intelligence Enterprise
                                   (Spring 2019)",Undergraduate
6.804J,https://ocw.mit.edu//courses/brain-and-cognitive-sciences/9-66j-computational-cognitive-science-fall-2004,"Computational Cognitive Science
                                   (Fall 2004)",Undergraduate
6.805,https://ocw.mit.edu//courses/electrical-engineering-and-computer-science/6-805-ethics-and-the-law-on-the-electronic-frontier-fall-2005,"Ethics and the Law on the Electronic Frontier
                                   (Fall 2005)",Undergraduate
6.806,https://ocw.mit.edu//courses/electrical-engineering-and-computer-science/6-805-ethics-and-the-law-on-the-electronic-frontier-fall-2005,"Ethics and the Law on the Electronic Frontier
                                   (Fall 2005)",Undergraduate
6.809,https://ocw.mit.edu//courses/music-and-theater-arts/21m-385-interactive-music-systems-fall-2016,"Interactive Music Systems
                                   (Fall 2016)",Undergraduate
6.811,https://ocw.mit.edu//courses/electrical-engineering-and-computer-science/6-811-principles-and-practice-of-assistive-technology-fall-2014,"Principles and Practice of Assistive Technology
                                   (Fall 2014)",Undergraduate
6.813,https://ocw.mit.edu//courses/electrical-engineering-and-computer-science/6-831-user-interface-design-and-implementation-spring-2011,"User Interface Design and Implementation
                                   (Spring 2011)",Undergraduate
6.814,https://ocw.mit.edu//courses/electrical-engineering-and-computer-science/6-830-database-systems-fall-2010,"Database Systems
                                   (Fall 2010)",Undergraduate
6.820,https://ocw.mit.edu//courses/electrical-engineering-and-computer-science/6-820-fundamentals-of-program-analysis-fall-2015,"Fundamentals of Program Analysis
                                   (Fall 2015)",Undergraduate
6.837,https://ocw.mit.edu//courses/electrical-engineering-and-computer-science/6-837-computer-graphics-fall-2012,"Computer Graphics
                                   (Fall 2012)",Undergraduate
6.901,https://ocw.mit.edu//courses/electrical-engineering-and-computer-science/6-901-inventions-and-patents-fall-2005,"Inventions and Patents
                                   (Fall 2005)",Undergraduate
6.902J,https://ocw.mit.edu//courses/engineering-systems-division/esd-051j-engineering-innovation-and-design-fall-2012,"Engineering Innovation and Design
                                   (Fall 2012)",Undergraduate
6.903J,https://ocw.mit.edu//courses/sloan-school-of-management/15-628j-patents-copyrights-and-the-law-of-intellectual-property-spring-2013,"Patents, Copyrights, and the Law of Intellectual Property
                                   (Spring 2013)",Undergraduate
6.904,https://ocw.mit.edu//courses/chemical-engineering/10-01-ethics-for-engineers-artificial-intelligence-spring-2020,"Ethics for Engineers: Artificial Intelligence
                                   (Spring 2020)",Undergraduate
6.911,https://ocw.mit.edu//courses/electrical-engineering-and-computer-science/6-911-transcribing-prosodic-structure-of-spoken-utterances-with-tobi-january-iap-2006,"Transcribing Prosodic Structure of Spoken Utterances with ToBI
                                   (January IAP 2006)",Undergraduate
6.912,https://ocw.mit.edu//courses/electrical-engineering-and-computer-science/6-912-introduction-to-copyright-law-january-iap-2006,"Introduction to Copyright Law
                                   (January IAP 2006)",Undergraduate
6.930,https://ocw.mit.edu//courses/mechanical-engineering/2-96-management-in-engineering-fall-2012,"Management in Engineering
                                   (Fall 2012)",Undergraduate
6.976,https://ocw.mit.edu//courses/media-arts-and-sciences/mas-965-nextlab-i-designing-mobile-technologies-for-the-next-billion-users-fall-2008,"NextLab I: Designing Mobile Technologies for the Next Billion Users
                                   (Fall 2008)",Undergraduate
6.S079,https://ocw.mit.edu//courses/electrical-engineering-and-computer-science/6-s079-nanomaker-spring-2013,"Nanomaker
                                   (Spring 2013)",Undergraduate
6.S083,https://ocw.mit.edu//courses/mathematics/18-s191-introduction-to-computational-thinking-fall-2020,"Introduction to Computational Thinking
                                   (Fall 2020)",Undergraduate
6.S083,https://ocw.mit.edu//courses/mathematics/18-s190-introduction-to-computational-thinking-with-julia-with-applications-to-modeling-the-covid-19-pandemic-spring-2020,"Introduction to Computational Thinking with Julia, with Applications to Modeling the COVID-19 Pandemic
                                   (Spring 2020)",Undergraduate
6.S095,https://ocw.mit.edu//courses/electrical-engineering-and-computer-science/6-s095-programming-for-the-puzzled-january-iap-2018,"Programming for the Puzzled
                                   (January IAP 2018)",Undergraduate
6.S096,https://ocw.mit.edu//courses/electrical-engineering-and-computer-science/6-s096-effective-programming-in-c-and-c-january-iap-2014,"Effective Programming in C and C++
                                   (January IAP 2014)",Undergraduate
6.S096,https://ocw.mit.edu//courses/electrical-engineering-and-computer-science/6-s096-introduction-to-c-and-c-january-iap-2013,"Introduction to C and C++
                                   (January IAP 2013)",Undergraduate
6.S191,https://ocw.mit.edu//courses/electrical-engineering-and-computer-science/6-s191-introduction-to-deep-learning-january-iap-2020,"Introduction to Deep Learning
                                   (January IAP 2020)",Undergraduate
6.231,https://ocw.mit.edu//courses/electrical-engineering-and-computer-science/6-231-dynamic-programming-and-stochastic-control-fall-2015,"Dynamic Programming and Stochastic Control
                                   (Fall 2015)",Graduate
6.241J,https://ocw.mit.edu//courses/electrical-engineering-and-computer-science/6-241j-dynamic-systems-and-control-spring-2011,"Dynamic Systems and Control
                                   (Spring 2011)",Graduate
6.243J,https://ocw.mit.edu//courses/electrical-engineering-and-computer-science/6-243j-dynamics-of-nonlinear-systems-fall-2003,"Dynamics of Nonlinear Systems
                                   (Fall 2003)",Graduate
6.245,https://ocw.mit.edu//courses/electrical-engineering-and-computer-science/6-245-multivariable-control-systems-spring-2004,"Multivariable Control Systems
                                   (Spring 2004)",Graduate
6.251J,https://ocw.mit.edu//courses/electrical-engineering-and-computer-science/6-251j-introduction-to-mathematical-programming-fall-2009,"Introduction to Mathematical Programming
                                   (Fall 2009)",Graduate
6.252J,https://ocw.mit.edu//courses/sloan-school-of-management/15-084j-nonlinear-programming-spring-2004,"Nonlinear Programming
                                   (Spring 2004)",Graduate
6.252J,https://ocw.mit.edu//courses/electrical-engineering-and-computer-science/6-252j-nonlinear-programming-spring-2003,"Nonlinear Programming
                                   (Spring 2003)",Graduate
6.253,https://ocw.mit.edu//courses/electrical-engineering-and-computer-science/6-253-convex-analysis-and-optimization-spring-2012,"Convex Analysis and Optimization
                                   (Spring 2012)",Graduate
6.254,https://ocw.mit.edu//courses/electrical-engineering-and-computer-science/6-254-game-theory-with-engineering-applications-spring-2010,"Game Theory with Engineering Applications
                                   (Spring 2010)",Graduate
6.255J,https://ocw.mit.edu//courses/sloan-school-of-management/15-093j-optimization-methods-fall-2009,"Optimization Methods
                                   (Fall 2009)",Graduate
6.262,https://ocw.mit.edu//courses/electrical-engineering-and-computer-science/6-262-discrete-stochastic-processes-spring-2011,"Discrete Stochastic Processes
                                   (Spring 2011)",Graduate
6.263J,https://ocw.mit.edu//courses/electrical-engineering-and-computer-science/6-263j-data-communication-networks-fall-2002,"Data Communication Networks
                                   (Fall 2002)",Graduate
6.264J,https://ocw.mit.edu//courses/sloan-school-of-management/15-072j-queues-theory-and-applications-spring-2006,"Queues: Theory and Applications
                                   (Spring 2006)",Graduate
6.265J,https://ocw.mit.edu//courses/sloan-school-of-management/15-070j-advanced-stochastic-processes-fall-2013,"Advanced Stochastic Processes
                                   (Fall 2013)",Graduate
6.281J,https://ocw.mit.edu//courses/civil-and-environmental-engineering/1-203j-logistical-and-transportation-planning-methods-fall-2006,"Logistical and Transportation Planning Methods
                                   (Fall 2006)",Graduate
6.301,https://ocw.mit.edu//courses/electrical-engineering-and-computer-science/6-301-solid-state-circuits-fall-2010,"Solid-State Circuits
                                   (Fall 2010)",Graduate
6.302,https://ocw.mit.edu//courses/electrical-engineering-and-computer-science/6-302-feedback-systems-spring-2007,"Feedback Systems
                                   (Spring 2007)",Graduate
6.331,https://ocw.mit.edu//courses/electrical-engineering-and-computer-science/6-331-advanced-circuit-techniques-spring-2002,"Advanced Circuit Techniques
                                   (Spring 2002)",Graduate
6.334,https://ocw.mit.edu//courses/electrical-engineering-and-computer-science/6-334-power-electronics-spring-2007,"Power Electronics
                                   (Spring 2007)",Graduate
6.336J,https://ocw.mit.edu//courses/electrical-engineering-and-computer-science/6-336j-introduction-to-numerical-simulation-sma-5211-fall-2003,"Introduction to Numerical Simulation (SMA 5211)
                                   (Fall 2003)",Graduate
6.337J,https://ocw.mit.edu//courses/mathematics/18-335j-introduction-to-numerical-methods-spring-2019,"Introduction to Numerical Methods 
                                   (Spring 2019)",Graduate
6.339J,https://ocw.mit.edu//courses/aeronautics-and-astronautics/16-920j-numerical-methods-for-partial-differential-equations-sma-5212-spring-2003,"Numerical Methods for Partial Differential Equations (SMA 5212)
                                   (Spring 2003)",Graduate
6.341,https://ocw.mit.edu//courses/electrical-engineering-and-computer-science/6-341-discrete-time-signal-processing-fall-2005,"Discrete-Time Signal Processing
                                   (Fall 2005)",Graduate
6.345,https://ocw.mit.edu//courses/electrical-engineering-and-computer-science/6-345-automatic-speech-recognition-spring-2003,"Automatic Speech Recognition
                                   (Spring 2003)",Graduate
6.374,https://ocw.mit.edu//courses/electrical-engineering-and-computer-science/6-374-analysis-and-design-of-digital-integrated-circuits-fall-2003,"Analysis and Design of Digital Integrated Circuits
                                   (Fall 2003)",Graduate
6.431,https://ocw.mit.edu//courses/electrical-engineering-and-computer-science/6-041-probabilistic-systems-analysis-and-applied-probability-fall-2010,"Probabilistic Systems Analysis and Applied Probability
                                   (Fall 2010)",Graduate
6.431,https://ocw.mit.edu//courses/electrical-engineering-and-computer-science/6-041-probabilistic-systems-analysis-and-applied-probability-spring-2006,"Probabilistic Systems Analysis and Applied  Probability
                                   (Spring 2006)",Graduate
6.432,https://ocw.mit.edu//courses/electrical-engineering-and-computer-science/6-432-stochastic-processes-detection-and-estimation-spring-2004,"Stochastic Processes, Detection, and Estimation
                                   (Spring 2004)",Graduate
6.435,https://ocw.mit.edu//courses/electrical-engineering-and-computer-science/6-435-system-identification-spring-2005,"System Identification
                                   (Spring 2005)",Graduate
6.436J,https://ocw.mit.edu//courses/electrical-engineering-and-computer-science/6-436j-fundamentals-of-probability-fall-2018,"Fundamentals of Probability
                                   (Fall 2018)",Graduate
6.438,https://ocw.mit.edu//courses/electrical-engineering-and-computer-science/6-438-algorithms-for-inference-fall-2014,"Algorithms for Inference
                                   (Fall 2014)",Graduate
6.441,https://ocw.mit.edu//courses/electrical-engineering-and-computer-science/6-441-information-theory-spring-2016,"Information Theory
                                   (Spring 2016)",Graduate
6.441,https://ocw.mit.edu//courses/electrical-engineering-and-computer-science/6-441-information-theory-spring-2010,"Information Theory
                                   (Spring 2010)",Graduate
6.443J,https://ocw.mit.edu//courses/media-arts-and-sciences/mas-865j-quantum-information-science-spring-2006,"Quantum Information Science
                                   (Spring 2006)",Graduate
6.450,https://ocw.mit.edu//courses/electrical-engineering-and-computer-science/6-450-principles-of-digital-communication-i-fall-2009,"Principles of Digital Communication I
                                   (Fall 2009)",Graduate
6.450,https://ocw.mit.edu//courses/electrical-engineering-and-computer-science/6-450-principles-of-digital-communications-i-fall-2006,"Principles of Digital Communications I
                                   (Fall 2006)",Graduate
6.451,https://ocw.mit.edu//courses/electrical-engineering-and-computer-science/6-451-principles-of-digital-communication-ii-spring-2005,"Principles of Digital Communication II
                                   (Spring 2005)",Graduate
6.452,https://ocw.mit.edu//courses/electrical-engineering-and-computer-science/6-452-principles-of-wireless-communications-spring-2006,"Principles of Wireless Communications
                                   (Spring 2006)",Graduate
6.453,https://ocw.mit.edu//courses/electrical-engineering-and-computer-science/6-453-quantum-optical-communication-fall-2016,"Quantum Optical Communication
                                   (Fall 2016)",Graduate
6.524J,https://ocw.mit.edu//courses/biological-engineering/20-410j-molecular-cellular-and-tissue-biomechanics-be-410j-spring-2003,"Molecular, Cellular and Tissue Biomechanics (BE.410J)
                                   (Spring 2003)",Graduate
6.541J,https://ocw.mit.edu//courses/electrical-engineering-and-computer-science/6-541j-speech-communication-spring-2004,"Speech Communication
                                   (Spring 2004)",Graduate
6.542J,https://ocw.mit.edu//courses/electrical-engineering-and-computer-science/6-542j-laboratory-on-the-physiology-acoustics-and-perception-of-speech-fall-2005,"Laboratory on the Physiology, Acoustics, and Perception of Speech
                                   (Fall 2005)",Graduate
6.543J,https://ocw.mit.edu//courses/linguistics-and-philosophy/24-941j-the-lexicon-and-its-features-spring-2007,"The Lexicon and Its Features
                                   (Spring 2007)",Graduate
6.551J,https://ocw.mit.edu//courses/electrical-engineering-and-computer-science/6-551j-acoustics-of-speech-and-hearing-fall-2004,"Acoustics of Speech and Hearing
                                   (Fall 2004)",Graduate
6.555J,https://ocw.mit.edu//courses/health-sciences-and-technology/hst-582j-biomedical-signal-and-image-processing-spring-2007,"Biomedical Signal and Image Processing
                                   (Spring 2007)",Graduate
6.561J,https://ocw.mit.edu//courses/biological-engineering/20-430j-fields-forces-and-flows-in-biological-systems-fall-2015,"Fields, Forces, and Flows in Biological Systems
                                   (Fall 2015)",Graduate
6.581J,https://ocw.mit.edu//courses/biological-engineering/20-482j-foundations-of-algorithms-and-computational-techniques-in-systems-biology-spring-2006,"Foundations of Algorithms and Computational Techniques in Systems Biology
                                   (Spring 2006)",Graduate
6.630,https://ocw.mit.edu//courses/electrical-engineering-and-computer-science/6-630-electromagnetics-fall-2006,"Electromagnetics
                                   (Fall 2006)",Graduate
6.632,https://ocw.mit.edu//courses/electrical-engineering-and-computer-science/6-632-electromagnetic-wave-theory-spring-2003,"Electromagnetic Wave Theory
                                   (Spring 2003)",Graduate
6.635,https://ocw.mit.edu//courses/electrical-engineering-and-computer-science/6-635-advanced-electromagnetism-spring-2003,"Advanced Electromagnetism
                                   (Spring 2003)",Graduate
6.637,https://ocw.mit.edu//courses/electrical-engineering-and-computer-science/6-637-optical-signals-devices-and-systems-spring-2003,"Optical Signals, Devices, and Systems
                                   (Spring 2003)",Graduate
6.641,https://ocw.mit.edu//courses/electrical-engineering-and-computer-science/6-641-electromagnetic-fields-forces-and-motion-spring-2009,"Electromagnetic Fields, Forces, and Motion
                                   (Spring 2009)",Graduate
6.641,https://ocw.mit.edu//courses/electrical-engineering-and-computer-science/6-641-electromagnetic-fields-forces-and-motion-spring-2005,"Electromagnetic Fields, Forces, and Motion
                                   (Spring 2005)",Graduate
6.642,https://ocw.mit.edu//courses/electrical-engineering-and-computer-science/6-642-continuum-electromechanics-fall-2008,"Continuum Electromechanics
                                   (Fall 2008)",Graduate
6.651J,https://ocw.mit.edu//courses/nuclear-engineering/22-611j-introduction-to-plasma-physics-i-fall-2006,"Introduction to Plasma Physics I
                                   (Fall 2006)",Graduate
6.651J,https://ocw.mit.edu//courses/nuclear-engineering/22-611j-introduction-to-plasma-physics-i-fall-2003,"Introduction to Plasma Physics I
                                   (Fall 2003)",Graduate
6.661,https://ocw.mit.edu//courses/electrical-engineering-and-computer-science/6-661-receivers-antennas-and-signals-spring-2003,"Receivers, Antennas, and Signals
                                   (Spring 2003)",Graduate
6.685,https://ocw.mit.edu//courses/electrical-engineering-and-computer-science/6-685-electric-machines-fall-2013,"Electric Machines
                                   (Fall 2013)",Graduate
6.690,https://ocw.mit.edu//courses/electrical-engineering-and-computer-science/6-061-introduction-to-electric-power-systems-spring-2011,"Introduction to Electric Power Systems
                                   (Spring 2011)",Graduate
6.691,https://ocw.mit.edu//courses/electrical-engineering-and-computer-science/6-691-seminar-in-electric-power-systems-spring-2006,"Seminar in Electric Power Systems
                                   (Spring 2006)",Graduate
6.695,https://ocw.mit.edu//courses/institute-for-data-systems-and-society/ids-505j-engineering-economics-and-regulation-of-the-electric-power-sector-spring-2010,"Engineering, Economics and Regulation of the Electric Power Sector
                                   (Spring 2010)",Graduate
6.719,https://ocw.mit.edu//courses/electrical-engineering-and-computer-science/6-701-introduction-to-nanoelectronics-spring-2010,"Introduction to Nanoelectronics
                                   (Spring 2010)",Graduate
6.720J,https://ocw.mit.edu//courses/electrical-engineering-and-computer-science/6-720j-integrated-microelectronic-devices-spring-2007,"Integrated Microelectronic Devices
                                   (Spring 2007)",Graduate
6.728,https://ocw.mit.edu//courses/electrical-engineering-and-computer-science/6-728-applied-quantum-and-statistical-physics-fall-2006,"Applied Quantum and Statistical Physics
                                   (Fall 2006)",Graduate
6.730,https://ocw.mit.edu//courses/electrical-engineering-and-computer-science/6-730-physics-for-solid-state-applications-spring-2003,"Physics for Solid-State Applications
                                   (Spring 2003)",Graduate
6.763,https://ocw.mit.edu//courses/electrical-engineering-and-computer-science/6-763-applied-superconductivity-fall-2005,"Applied Superconductivity
                                   (Fall 2005)",Graduate
6.772,https://ocw.mit.edu//courses/electrical-engineering-and-computer-science/6-772-compound-semiconductor-devices-spring-2003,"Compound Semiconductor Devices
                                   (Spring 2003)",Graduate
6.774,https://ocw.mit.edu//courses/electrical-engineering-and-computer-science/6-774-physics-of-microfabrication-front-end-processing-fall-2004,"Physics of Microfabrication: Front End Processing
                                   (Fall 2004)",Graduate
6.776,https://ocw.mit.edu//courses/electrical-engineering-and-computer-science/6-776-high-speed-communication-circuits-spring-2005,"High Speed Communication Circuits
                                   (Spring 2005)",Graduate
6.777J,https://ocw.mit.edu//courses/electrical-engineering-and-computer-science/6-777j-design-and-fabrication-of-microelectromechanical-devices-spring-2007,"Design and Fabrication of Microelectromechanical Devices
                                   (Spring 2007)",Graduate
6.780J,https://ocw.mit.edu//courses/mechanical-engineering/2-830j-control-of-manufacturing-processes-sma-6303-spring-2008,"Control of Manufacturing Processes (SMA 6303)
                                   (Spring 2008)",Graduate
6.780,https://ocw.mit.edu//courses/electrical-engineering-and-computer-science/6-780-semiconductor-manufacturing-spring-2003,"Semiconductor Manufacturing
                                   (Spring 2003)",Graduate
6.781J,https://ocw.mit.edu//courses/electrical-engineering-and-computer-science/6-781j-submicrometer-and-nanometer-technology-spring-2006,"Submicrometer and Nanometer Technology
                                   (Spring 2006)",Graduate
6.833,https://ocw.mit.edu//courses/electrical-engineering-and-computer-science/6-803-the-human-intelligence-enterprise-spring-2019,"The Human Intelligence Enterprise
                                   (Spring 2019)",Graduate
6.821,https://ocw.mit.edu//courses/electrical-engineering-and-computer-science/6-821-programming-languages-fall-2002,"Programming Languages
                                   (Fall 2002)",Graduate
6.823,https://ocw.mit.edu//courses/electrical-engineering-and-computer-science/6-823-computer-system-architecture-fall-2005,"Computer System Architecture
                                   (Fall 2005)",Graduate
6.824,https://ocw.mit.edu//courses/electrical-engineering-and-computer-science/6-824-distributed-computer-systems-engineering-spring-2006,"Distributed Computer Systems Engineering
                                   (Spring 2006)",Graduate
6.825,https://ocw.mit.edu//courses/electrical-engineering-and-computer-science/6-825-techniques-in-artificial-intelligence-sma-5504-fall-2002,"Techniques in Artificial Intelligence (SMA 5504)
                                   (Fall 2002)",Graduate
6.826,https://ocw.mit.edu//courses/electrical-engineering-and-computer-science/6-826-principles-of-computer-systems-spring-2002,"Principles of Computer Systems
                                   (Spring 2002)",Graduate
6.827,https://ocw.mit.edu//courses/electrical-engineering-and-computer-science/6-827-multithreaded-parallelism-languages-and-compilers-fall-2002,"Multithreaded Parallelism: Languages and Compilers
                                   (Fall 2002)",Graduate
6.828,https://ocw.mit.edu//courses/electrical-engineering-and-computer-science/6-828-operating-system-engineering-fall-2012,"Operating System Engineering
                                   (Fall 2012)",Graduate
6.829,https://ocw.mit.edu//courses/electrical-engineering-and-computer-science/6-829-computer-networks-fall-2002,"Computer Networks
                                   (Fall 2002)",Graduate
6.830,https://ocw.mit.edu//courses/electrical-engineering-and-computer-science/6-830-database-systems-fall-2010,"Database Systems
                                   (Fall 2010)",Graduate
6.831,https://ocw.mit.edu//courses/electrical-engineering-and-computer-science/6-831-user-interface-design-and-implementation-spring-2011,"User Interface Design and Implementation
                                   (Spring 2011)",Graduate
6.832,https://ocw.mit.edu//courses/electrical-engineering-and-computer-science/6-832-underactuated-robotics-spring-2009,"Underactuated Robotics
                                   (Spring 2009)",Graduate
6.834J,https://ocw.mit.edu//courses/aeronautics-and-astronautics/16-412j-cognitive-robotics-spring-2016,"Cognitive Robotics
                                   (Spring 2016)",Graduate
6.838,https://ocw.mit.edu//courses/electrical-engineering-and-computer-science/6-838-algorithms-for-computer-animation-fall-2002,"Algorithms for Computer Animation
                                   (Fall 2002)",Graduate
6.840J,https://ocw.mit.edu//courses/mathematics/18-404j-theory-of-computation-fall-2020,"Theory of Computation
                                   (Fall 2020)",Graduate
6.841J,https://ocw.mit.edu//courses/mathematics/18-405j-advanced-complexity-theory-spring-2016,"Advanced Complexity Theory
                                   (Spring 2016)",Graduate
6.844,https://ocw.mit.edu//courses/electrical-engineering-and-computer-science/6-844-computability-theory-of-and-with-scheme-spring-2003,"Computability Theory of and with Scheme
                                   (Spring 2003)",Graduate
6.845,https://ocw.mit.edu//courses/electrical-engineering-and-computer-science/6-845-quantum-complexity-theory-fall-2010,"Quantum Complexity Theory
                                   (Fall 2010)",Graduate
6.849,https://ocw.mit.edu//courses/electrical-engineering-and-computer-science/6-849-geometric-folding-algorithms-linkages-origami-polyhedra-fall-2012,"Geometric Folding Algorithms: Linkages, Origami, Polyhedra
                                   (Fall 2012)",Graduate
6.851,https://ocw.mit.edu//courses/electrical-engineering-and-computer-science/6-851-advanced-data-structures-spring-2012,"Advanced Data Structures
                                   (Spring 2012)",Graduate
6.852J,https://ocw.mit.edu//courses/electrical-engineering-and-computer-science/6-852j-distributed-algorithms-fall-2009,"Distributed Algorithms
                                   (Fall 2009)",Graduate
6.854J,https://ocw.mit.edu//courses/electrical-engineering-and-computer-science/6-854j-advanced-algorithms-fall-2008,"Advanced Algorithms
                                   (Fall 2008)",Graduate
6.854J,https://ocw.mit.edu//courses/electrical-engineering-and-computer-science/6-854j-advanced-algorithms-fall-2005,"Advanced Algorithms
                                   (Fall 2005)",Graduate
6.855J,https://ocw.mit.edu//courses/sloan-school-of-management/15-082j-network-optimization-fall-2010,"Network Optimization
                                   (Fall 2010)",Graduate
6.856J,https://ocw.mit.edu//courses/electrical-engineering-and-computer-science/6-856j-randomized-algorithms-fall-2002,"Randomized Algorithms
                                   (Fall 2002)",Graduate
6.857,https://ocw.mit.edu//courses/electrical-engineering-and-computer-science/6-857-network-and-computer-security-spring-2014,"Network and Computer Security
                                   (Spring 2014)",Graduate
6.858,https://ocw.mit.edu//courses/electrical-engineering-and-computer-science/6-858-computer-systems-security-fall-2014,"Computer Systems Security
                                   (Fall 2014)",Graduate
6.859J,https://ocw.mit.edu//courses/sloan-school-of-management/15-083j-integer-programming-and-combinatorial-optimization-fall-2009,"Integer Programming and Combinatorial Optimization
                                   (Fall 2009)",Graduate
6.863J,https://ocw.mit.edu//courses/electrical-engineering-and-computer-science/6-863j-natural-language-and-the-computer-representation-of-knowledge-spring-2003,"Natural Language and the Computer Representation of Knowledge
                                   (Spring 2003)",Graduate
6.864,https://ocw.mit.edu//courses/electrical-engineering-and-computer-science/6-864-advanced-natural-language-processing-fall-2005,"Advanced Natural Language Processing
                                   (Fall 2005)",Graduate
6.866,https://ocw.mit.edu//courses/electrical-engineering-and-computer-science/6-801-machine-vision-fall-2020,"Machine Vision
                                   (Fall 2020)",Graduate
6.866,https://ocw.mit.edu//courses/electrical-engineering-and-computer-science/6-801-machine-vision-fall-2004,"Machine Vision
                                   (Fall 2004)",Graduate
6.867,https://ocw.mit.edu//courses/electrical-engineering-and-computer-science/6-867-machine-learning-fall-2006,"Machine Learning
                                   (Fall 2006)",Graduate
6.868J,https://ocw.mit.edu//courses/electrical-engineering-and-computer-science/6-868j-the-society-of-mind-fall-2011,"The Society of Mind
                                   (Fall 2011)",Graduate
6.871,https://ocw.mit.edu//courses/electrical-engineering-and-computer-science/6-871-knowledge-based-applications-systems-spring-2005,"Knowledge-Based Applications Systems
                                   (Spring 2005)",Graduate
6.872,https://ocw.mit.edu//courses/health-sciences-and-technology/hst-950j-biomedical-computing-fall-2010,"Biomedical Computing
                                   (Fall 2010)",Graduate
6.872J,https://ocw.mit.edu//courses/health-sciences-and-technology/hst-950j-medical-computing-spring-2003,"Medical Computing
                                   (Spring 2003)",Graduate
6.873J,https://ocw.mit.edu//courses/health-sciences-and-technology/hst-951j-medical-decision-support-fall-2005,"Medical Decision Support
                                   (Fall 2005)",Graduate
6.873J,https://ocw.mit.edu//courses/health-sciences-and-technology/hst-951j-medical-decision-support-spring-2003,"Medical Decision Support
                                   (Spring 2003)",Graduate
6.874J,https://ocw.mit.edu//courses/biology/7-90j-computational-functional-genomics-spring-2005,"Computational Functional Genomics
                                   (Spring 2005)",Graduate
6.874J,https://ocw.mit.edu//courses/biology/7-91j-foundations-of-computational-and-systems-biology-spring-2014,"Foundations of Computational and Systems Biology
                                   (Spring 2014)",Graduate
6.875,https://ocw.mit.edu//courses/electrical-engineering-and-computer-science/6-875-cryptography-and-cryptanalysis-spring-2005,"Cryptography and Cryptanalysis
                                   (Spring 2005)",Graduate
6.876J,https://ocw.mit.edu//courses/electrical-engineering-and-computer-science/6-876j-advanced-topics-in-cryptography-spring-2003,"Advanced Topics in Cryptography
                                   (Spring 2003)",Graduate
6.877J,https://ocw.mit.edu//courses/electrical-engineering-and-computer-science/6-877j-computational-evolutionary-biology-fall-2005,"Computational Evolutionary Biology
                                   (Fall 2005)",Graduate
6.878,https://ocw.mit.edu//courses/electrical-engineering-and-computer-science/6-047-computational-biology-fall-2015,"Computational Biology
                                   (Fall 2015)",Graduate
6.881,https://ocw.mit.edu//courses/electrical-engineering-and-computer-science/6-881-computational-personal-genomics-making-sense-of-complete-genomes-spring-2016,"Computational Personal Genomics: Making Sense of Complete Genomes
                                   (Spring 2016)",Graduate
6.881,https://ocw.mit.edu//courses/electrical-engineering-and-computer-science/6-881-representation-and-modeling-for-image-analysis-spring-2005,"Representation and Modeling for Image Analysis
                                   (Spring 2005)",Graduate
6.883,https://ocw.mit.edu//courses/electrical-engineering-and-computer-science/6-883-pervasive-human-centric-computing-sma-5508-spring-2006,"Pervasive Human Centric Computing (SMA 5508)
                                   (Spring 2006)",Graduate
6.883,https://ocw.mit.edu//courses/electrical-engineering-and-computer-science/6-883-program-analysis-fall-2005,"Program Analysis
                                   (Fall 2005)",Graduate
6.884,https://ocw.mit.edu//courses/electrical-engineering-and-computer-science/6-884-complex-digital-systems-spring-2005,"Complex Digital Systems
                                   (Spring 2005)",Graduate
6.890,https://ocw.mit.edu//courses/electrical-engineering-and-computer-science/6-890-algorithmic-lower-bounds-fun-with-hardness-proofs-fall-2014,"Algorithmic Lower Bounds: Fun with Hardness Proofs
                                   (Fall 2014)",Graduate
6.892,https://ocw.mit.edu//courses/electrical-engineering-and-computer-science/6-892-computational-models-of-discourse-spring-2004,"Computational Models of Discourse
                                   (Spring 2004)",Graduate
6.895,https://ocw.mit.edu//courses/electrical-engineering-and-computer-science/6-895-essential-coding-theory-fall-2004,"Essential Coding Theory
                                   (Fall 2004)",Graduate
6.895,https://ocw.mit.edu//courses/electrical-engineering-and-computer-science/6-895-theory-of-parallel-systems-sma-5509-fall-2003,"Theory of Parallel Systems (SMA 5509)
                                   (Fall 2003)",Graduate
6.896,https://ocw.mit.edu//courses/electrical-engineering-and-computer-science/6-896-theory-of-parallel-hardware-sma-5511-spring-2004,"Theory of Parallel Hardware (SMA 5511)
                                   (Spring 2004)",Graduate
6.897,https://ocw.mit.edu//courses/electrical-engineering-and-computer-science/6-897-selected-topics-in-cryptography-spring-2004,"Selected Topics in Cryptography
                                   (Spring 2004)",Graduate
6.931,https://ocw.mit.edu//courses/electrical-engineering-and-computer-science/6-931-development-of-inventions-and-creative-ideas-spring-2008,"Development of Inventions and Creative Ideas
                                   (Spring 2008)",Graduate
6.933J,https://ocw.mit.edu//courses/electrical-engineering-and-computer-science/6-933j-the-structure-of-engineering-revolutions-fall-2001,"The Structure of Engineering Revolutions
                                   (Fall 2001)",Graduate
6.938,https://ocw.mit.edu//courses/engineering-systems-division/esd-72-engineering-risk-benefit-analysis-spring-2007,"Engineering Risk-Benefit Analysis
                                   (Spring 2007)",Graduate
6.945,https://ocw.mit.edu//courses/electrical-engineering-and-computer-science/6-945-adventures-in-advanced-symbolic-programming-spring-2009,"Adventures in Advanced Symbolic Programming
                                   (Spring 2009)",Graduate
6.946J,https://ocw.mit.edu//courses/earth-atmospheric-and-planetary-sciences/12-620j-classical-mechanics-a-computational-approach-fall-2008,"Classical Mechanics: A Computational Approach
                                   (Fall 2008)",Graduate
6.971,https://ocw.mit.edu//courses/mechanical-engineering/2-996-biomedical-devices-design-laboratory-fall-2007,"Biomedical Devices Design Laboratory
                                   (Fall 2007)",Graduate
6.972,https://ocw.mit.edu//courses/electrical-engineering-and-computer-science/6-972-algebraic-techniques-and-semidefinite-optimization-spring-2006,"Algebraic Techniques and Semidefinite Optimization
                                   (Spring 2006)",Graduate
6.973,https://ocw.mit.edu//courses/electrical-engineering-and-computer-science/6-973-communication-system-design-spring-2006,"Communication System Design
                                   (Spring 2006)",Graduate
6.973,https://ocw.mit.edu//courses/electrical-engineering-and-computer-science/6-973-organic-optoelectronics-spring-2003,"Organic Optoelectronics
                                   (Spring 2003)",Graduate
6.974,https://ocw.mit.edu//courses/institute-for-data-systems-and-society/ids-505j-engineering-economics-and-regulation-of-the-electric-power-sector-spring-2010,"Engineering, Economics and Regulation of the Electric Power Sector
                                   (Spring 2010)",Graduate
6.974,https://ocw.mit.edu//courses/electrical-engineering-and-computer-science/6-974-fundamentals-of-photonics-quantum-electronics-spring-2006,"Fundamentals of Photonics: Quantum Electronics
                                   (Spring 2006)",Graduate
6.975,https://ocw.mit.edu//courses/electrical-engineering-and-computer-science/6-079-introduction-to-convex-optimization-fall-2009,"Introduction to Convex Optimization
                                   (Fall 2009)",Graduate
6.976,https://ocw.mit.edu//courses/electrical-engineering-and-computer-science/6-976-high-speed-communication-circuits-and-systems-spring-2003,"High Speed Communication Circuits and Systems
                                   (Spring 2003)",Graduate
6.977,https://ocw.mit.edu//courses/electrical-engineering-and-computer-science/6-977-ultrafast-optics-spring-2005,"Ultrafast Optics
                                   (Spring 2005)",Graduate
6.977,https://ocw.mit.edu//courses/electrical-engineering-and-computer-science/6-977-semiconductor-optoelectronics-theory-and-design-fall-2002,"Semiconductor Optoelectronics: Theory and Design
                                   (Fall 2002)",Graduate
6.978J,https://ocw.mit.edu//courses/engineering-systems-division/esd-68j-communications-and-information-policy-spring-2006,"Communications and Information Policy
                                   (Spring 2006)",Graduate
6.982J,https://ocw.mit.edu//courses/chemistry/5-95j-teaching-college-level-science-and-engineering-fall-2015,"Teaching College-Level Science and Engineering
                                   (Fall 2015)",Graduate
6.982J,https://ocw.mit.edu//courses/chemistry/5-95j-teaching-college-level-science-and-engineering-spring-2009,"Teaching College-Level Science and Engineering
                                   (Spring 2009)",Graduate
6.S897,https://ocw.mit.edu//courses/electrical-engineering-and-computer-science/6-s897-machine-learning-for-healthcare-spring-2019,"Machine Learning for Healthcare
                                   (Spring 2019)",Graduate
6.S898,https://ocw.mit.edu//courses/electrical-engineering-and-computer-science/6-s898-climate-change-seminar-fall-2019,"Climate Change Seminar
                                   (Fall 2019)",Graduate
